<?xml version="1.0" encoding="UTF-8" standalone="yes"?>
<addon id="repository.circero" name="Circero Repo" version="2.0.31" provider-name="CIRCERO">
    <extension point="xbmc.addon.repository" name="Circero Repository">
        <dir>
            <info compressed="false">https://raw.githubusercontent.com/CIRCERO/repository.circero/master/addons.xml</info>
            <checksum>https://raw.githubusercontent.com/CIRCERO/repository.circero/master/addons.xml.md5</checksum>
            <datadir zip="true">https://raw.githubusercontent.com/CIRCERO/repository.circero/master/zips/</datadir>
        </dir>
    </extension>
    <extension point="xbmc.addon.metadata">
        <summary>Circero Repo</summary>
        <description>repository.circero</description>
        <disclaimer></disclaimer>
        <platform>all</platform>
        <assets>
            <icon>icon.gif</icon>
            <fanart>fanart.jpg</fanart>
        </assets>
    </extension>
</addon>
