<?xml version="1.0" encoding="UTF-8"?>
<addon
  id="plugin.video.videodevil"
  version="1.8.11"
  name="VideoDevil"
  provider-name="xbmc-adult">
  <requires>
    <!-- Commenting xbmc.python allows install on all versions of Kodi -->
    <!-- <import addon="xbmc.python" version="2.14.0"/> -->
    <import addon="script.module.six"/>
    <import addon="script.module.kodi-six"/>
  </requires>
  <extension 
    point="xbmc.python.pluginsource"
    library="default.py">
    <provides>video</provides>
  </extension>
  <extension point="xbmc.addon.metadata">
    <summary lang="de_DE">Spielen Sie Videos von verschiedenen Streaming-Sites für Erwachsene ab</summary>
    <summary lang="en_GB">Play videos from different adult streaming sites</summary>
    <summary lang="fi_FI">Toista videoita aikuisten suoratoistosivustoilta</summary>
    <summary lang="fr_FR">Lire des vidéos de différents sites de streaming pour adultes</summary>
    <summary lang="pt_PT">Reproduza vídeos de diferentes sites de streaming adulto</summary>
    <summary lang="sv_SE">Spela videor från olika streaming-webbplatser för vuxna</summary>
    <description lang="de_DE">Dieses Addon spielt Videos von YouPorn, Tube8, Boysfood, MoviesAnd, PornoTube, xHamster, KeezMovies und einigen anderen Streaming-Sites für Erwachsene ab. Es enthält explizites Material für Erwachsene. Sie können dieses Addon nur anzeigen, wenn Sie mindestens 18 Jahre alt sind oder mindestens das Alter der Mehrheit in dem Land, in dem Sie wohnen oder von dem aus Sie auf diese Inhalte zugreifen. Wenn Sie diese Anforderungen nicht erfüllen, haben Sie keine Berechtigung, dieses Addon zu verwenden.</description>
    <description lang="en_GB">This addon plays videos from YouPorn, Tube8, Boysfood, MoviesAnd, PornoTube, xHamster, KeezMovies and some other adult streaming sites. It contains explicit adult material. You may only view this addon if you are at least 18 years of age, or at least the age of majority in the jurisdiction where you reside or from which you access this content. If you do not meet these requirements, then you do not have permission to use this addon.</description>
    <description lang="fi_FI">Tämä lisäosa toistaa videoita YouPorn, Tube8, Boysfood, MoviesAnd, PornoTube, xHamster, KeezMovies ja joistakin muista aikuisten suoratoistosivustoista. Se sisältää nimenomaista aikuisille tarkoitettua materiaalia. Voit tarkastella tätä lisäosaa vain, jos olet vähintään 18-vuotias tai vähintään täysi-ikäinen sen lainkäyttöalueella, jossa asut tai josta käytät tätä sisältöä. Jos et täytä näitä vaatimuksia, sinulla ei ole lupaa käyttää tätä lisäosaa.</description>
    <description lang="fr_FR">Cet addon lit des vidéos de YouPorn, Tube8, Boysfood, MoviesAnd, PornoTube, xHamster, KeezMovies et d'autres sites de streaming pour adultes. Il contient du matériel explicite pour adultes. Vous ne pouvez voir cet addon que si vous avez au moins 18 ans, ou au moins l'âge de la majorité dans la juridiction où vous résidez ou à partir de laquelle vous accédez à ce contenu. Si vous ne remplissez pas ces conditions, vous n'êtes pas autorisé à utiliser ce module complémentaire.</description>
    <description lang="pt_PT">Este complemento reproduz vídeos do YouPorn, Tube8, Boysfood, MoviesAnd, PornoTube, xHamster, KeezMovies e alguns outros sites de streaming adulto. Ele contém material adulto explícito. Você só pode visualizar este complemento se tiver pelo menos 18 anos de idade ou maioridade na jurisdição em que reside ou da qual acessa este conteúdo. Se você não atender a esses requisitos, não terá permissão para usar este complemento.</description>
    <description lang="sv_SE">Denna addon spelar videor från YouPorn, Tube8, Boysfood, Movies And, PornoTube, xHamster, KeezMovies och några andra streamingwebbplatser för vuxna. Det innehåller tydligt vuxenmaterial. Du får bara se detta tillägg om du är minst 18 år, eller åtminstone majoritetsåldern i den jurisdiktion där du bor eller från vilken du får åtkomst till detta innehåll. Om du inte uppfyller dessa krav har du inte behörighet att använda detta tillägg.</description>
    <disclaimer lang="de_DE">Der Autor hostet oder verbreitet keinen der von diesem Addon angezeigten Inhalte. Der Autor hat keine Verbindung zum Inhalteanbieter.</disclaimer>
    <disclaimer lang="en_GB">The author does not host or distribute any of the content displayed by this addon. The author does not have any affiliation with the content provider.</disclaimer>
    <disclaimer lang="fi_FI">Kirjoittaja ei isännöi tai jaa mitään tämän lisäosan näytettyä sisältöä. Kirjoittajalla ei ole mitään siteitä sisällöntuottajaan.</disclaimer>
    <disclaimer lang="fr_FR">L'auteur n'héberge ni ne distribue aucun des contenus affichés par cet addon. L'auteur n'a aucune affiliation avec le fournisseur de contenu.</disclaimer>
    <disclaimer lang="pt_PT">O autor não hospeda nem distribui nenhum conteúdo exibido por este complemento. O autor não tem nenhuma afiliação com o provedor de conteúdo.</disclaimer>
    <disclaimer lang="sv_SE">Författaren är inte värd eller distribuerar något av innehållet som visas av detta tillägg. Författaren har ingen anknytning till innehållsleverantören.</disclaimer>
    <platform>all</platform>
    <assets>
      <icon>icon.png</icon>
    </assets>
  </extension>
</addon>
